P,K,C,val_acc,delta_sota
6,8000,0.003,0.7858,0.018000000000000016
6,8000,0.005,0.7842,0.01639999999999997
7,4000,0.003,0.7824,0.014599999999999946
8,3200,0.003,0.7816,0.013799999999999923
7,6000,0.003,0.781,0.01319999999999999
7,3200,0.005,0.7796,0.011799999999999922
5,8000,0.003,0.7794,0.011599999999999944
8,3200,0.005,0.779,0.011199999999999988
7,3200,0.003,0.7788,0.01100000000000001
5,6000,0.005,0.7788,0.01100000000000001
