{
  "results": [
    {
      "P": 5,
      "K": 10000,
      "C": 0.001,
      "val_acc": 0.779,
      "fit_sec": 70.01318049430847
    },
    {
      "P": 5,
      "K": 10000,
      "C": 0.002,
      "val_acc": 0.7824,
      "fit_sec": 87.27825689315796
    },
    {
      "P": 5,
      "K": 10000,
      "C": 0.003,
      "val_acc": 0.783,
      "fit_sec": 106.89912438392639
    }
  ],
  "subs_written": [
    {
      "P": 5,
      "K": 10000,
      "C": 0.003,
      "val": 0.783,
      "path": "sub_run10_P5_K10000_C0.003.csv"
    }
  ]
}